{"_runtime":73.098563734,"_step":0,"_wandb":{"runtime":73},"val/test_score/evalplus":0,"_timestamp":1.7435840043976958e+09}