{"val/test_score/evalplus":0,"_timestamp":1.7435842130930083e+09,"_runtime":73.308124848,"_step":0,"_wandb":{"runtime":73}}