{"_timestamp":1.7435862482809424e+09,"_runtime":76.848034133,"_wandb":{"runtime":76},"_step":0,"val/test_score/evalplus":0}