{"_wandb":{"runtime":73},"_step":0,"val/test_score/evalplus":0,"_timestamp":1.743585794066198e+09,"_runtime":73.8850818}