{"_step":0,"_wandb":{"runtime":50},"val/test_score/evalplus":0,"_timestamp":1.7435865722556636e+09,"_runtime":50.442961022}