{"_step":0,"_wandb":{"runtime":74},"val/test_score/evalplus":0,"_timestamp":1.743585002426494e+09,"_runtime":74.050028779}