{"_wandb":{"runtime":73},"_step":0,"val/test_score/evalplus":0,"_timestamp":1.7435844829171033e+09,"_runtime":73.866507833}