{"_runtime":74.920130378,"_step":0,"_wandb":{"runtime":74},"val/test_score/evalplus":0,"_timestamp":1.7435834549496913e+09}